{
  "accuracy": 71.42857142857143,
  "precision": 0.7582824038706392,
  "recall": 0.7436974789915967,
  "f1_score": 0.7298153057101315,
  "test_loss": 1.0996312350034714
}