,Accuracy,Precision,Recall,F1-Score
Transformer,0.9118,0.8708,0.9091,0.8826
CNN + cGAN,0.714286,0.7757,0.7773,0.7722
CNN (Baseline),0.7142857142857143,0.7582824038706392,0.7436974789915967,0.7298153057101315
CNN + StarGAN,0.17222222222222222,0.1205384854127871,0.17222222222222222,0.054729202739170445
